Runs,Mins,BF,4s,6s,SR,Pos,Dismissal,Inns,,Opposition,Ground,Start Date,
73,289,229,4,0,31.87,6,caught,1,,v India,Nagpur,13-Dec-12,Test # 2066
20*,64,56,1,1,35.71,6,not out,3,,v India,Nagpur,13-Dec-12,Test # 2066
4,17,11,1,0,36.36,6,caught,1,,v New Zealand,Dunedin,06-Mar-13,Test # 2077
0,4,2,0,0,0,7,run out,3,,v New Zealand,Dunedin,06-Mar-13,Test # 2077
10,24,20,1,0,50,6,caught,1,,v New Zealand,Wellington,14-Mar-13,Test # 2080
45,254,176,4,0,25.56,5,bowled,2,,v New Zealand,Auckland,22-Mar-13,Test # 2084
29,107,79,2,0,36.7,6,lbw,4,,v New Zealand,Auckland,22-Mar-13,Test # 2084
40,180,114,4,0,35.08,5,caught,1,,v New Zealand,Lord's,16-May-13,Test # 2088
71,178,120,8,0,59.16,4,bowled,3,,v New Zealand,Lord's,16-May-13,Test # 2088
104,236,167,9,0,62.27,5,caught,1,,v New Zealand,Leeds,24-May-13,Test # 2089
28,32,22,4,0,127.27,5,caught,3,,v New Zealand,Leeds,24-May-13,Test # 2089
30,99,64,6,0,46.87,2,bowled,1,,v Australia,Nottingham,10-Jul-13,Test # 2090
5,34,31,1,0,16.12,2,caught,3,,v Australia,Nottingham,10-Jul-13,Test # 2090
6,28,14,1,0,42.85,2,lbw,1,,v Australia,Lord's,18-Jul-13,Test # 2091
180,466,338,18,2,53.25,2,caught,3,,v Australia,Lord's,18-Jul-13,Test # 2091
8,97,57,1,0,14.03,2,caught,2,,v Australia,Manchester,01-Aug-13,Test # 2092
13*,95,57,1,0,22.8,2,not out,4,,v Australia,Manchester,01-Aug-13,Test # 2092
16,78,52,1,0,30.76,2,caught,1,,v Australia,Chester-le-Street,09-Aug-13,Test # 2093
2,35,19,0,0,10.52,2,bowled,3,,v Australia,Chester-le-Street,09-Aug-13,Test # 2093
68,234,184,11,0,36.95,2,caught,2,,v Australia,The Oval,21-Aug-13,Test # 2094
11,20,17,2,0,64.7,2,caught,4,,v Australia,The Oval,21-Aug-13,Test # 2094
2,14,7,0,0,28.57,6,caught,2,,v Australia,Brisbane,21-Nov-13,Test # 2103
26*,121,86,4,0,30.23,6,not out,4,,v Australia,Brisbane,21-Nov-13,Test # 2103
15,114,80,1,0,18.75,3,caught,2,,v Australia,Adelaide,05-Dec-13,Test # 2105
87,269,194,9,0,44.84,3,caught,4,,v Australia,Adelaide,05-Dec-13,Test # 2105
4,23,16,1,0,25,3,caught,2,,v Australia,W.A.C.A,13-Dec-13,Test # 2107
19,125,88,1,0,21.59,3,caught,4,,v Australia,W.A.C.A,13-Dec-13,Test # 2107
24,116,82,2,0,29.26,3,caught,1,,v Australia,Melbourne,26-Dec-13,Test # 2110
15,37,24,1,0,62.5,3,run out,3,,v Australia,Melbourne,26-Dec-13,Test # 2110
200*,500,298,16,0,67.11,5,not out,1,,v Sri Lanka,Lord's,12-Jun-14,Test # 2124
15,32,18,2,0,83.33,5,lbw,3,,v Sri Lanka,Lord's,12-Jun-14,Test # 2124
13,48,32,2,0,40.62,5,caught,2,,v Sri Lanka,Leeds,20-Jun-14,Test # 2126
31,161,108,4,0,28.7,5,caught,4,,v Sri Lanka,Leeds,20-Jun-14,Test # 2126
154*,400,295,15,0,52.2,5,not out,2,,v India,Nottingham,09-Jul-14,Test # 2128
13,66,50,0,0,26,5,lbw,2,,v India,Lord's,17-Jul-14,Test # 2130
66,222,146,7,0,45.2,5,caught,4,,v India,Lord's,17-Jul-14,Test # 2130
3,46,25,0,0,12,5,caught,1,,v India,Southampton,27-Jul-14,Test # 2132
56,66,41,9,0,136.58,5,bowled,3,,v India,Southampton,27-Jul-14,Test # 2132
77,219,161,7,0,47.82,6,caught,2,,v India,Manchester,07-Aug-14,Test # 2134
149*,268,165,18,1,90.3,5,not out,2,,v India,The Oval,15-Aug-14,Test # 2137
83,186,133,11,0,62.4,5,bowled,1,,v West Indies,North Sound,13-Apr-15,Test # 2157
59,134,79,5,1,74.68,5,bowled,3,,v West Indies,North Sound,13-Apr-15,Test # 2157
182*,333,229,17,4,79.47,5,not out,2,,v West Indies,St George's,21-Apr-15,Test # 2158
DNB,-,-,-,-,-,-,-,4,,v West Indies,St George's,21-Apr-15,Test # 2158
33,58,35,5,0,94.28,5,caught,1,,v West Indies,Bridgetown,01-May-15,Test # 2160
1,34,13,0,0,7.69,5,caught,3,,v West Indies,Bridgetown,01-May-15,Test # 2160
98,218,161,11,0,60.86,5,caught,1,,v New Zealand,Lord's,21-May-15,Test # 2162
84,190,139,12,0,60.43,5,caught,3,,v New Zealand,Lord's,21-May-15,Test # 2162
1,6,5,0,0,20,5,caught,2,,v New Zealand,Leeds,29-May-15,Test # 2163
0,2,2,0,0,0,5,caught,4,,v New Zealand,Leeds,29-May-15,Test # 2163
134,247,166,17,0,80.72,5,caught,1,,v Australia,Cardiff,08-Jul-15,Test # 2170
60,133,89,9,0,67.41,5,bowled,3,,v Australia,Cardiff,08-Jul-15,Test # 2170
1,6,4,0,0,25,5,caught,2,,v Australia,Lord's,16-Jul-15,Test # 2171
17,84,44,2,0,38.63,5,bowled,4,,v Australia,Lord's,16-Jul-15,Test # 2171
63,113,75,9,1,84,4,caught,2,,v Australia,Birmingham,29-Jul-15,Test # 2173
38*,89,63,6,1,60.31,4,not out,4,,v Australia,Birmingham,29-Jul-15,Test # 2173
130,246,176,19,1,73.86,4,caught,2,,v Australia,Nottingham,06-Aug-15,Test # 2175
6,59,39,1,0,15.38,4,caught,2,,v Australia,The Oval,20-Aug-15,Test # 2178
11,52,30,1,0,36.66,4,caught,3,,v Australia,The Oval,20-Aug-15,Test # 2178
85,199,143,7,0,59.44,5,caught,2,,v Pakistan,Abu Dhabi,13-Oct-15,Test # 2180
33*,47,29,1,0,113.79,3,not out,4,,v Pakistan,Abu Dhabi,13-Oct-15,Test # 2180
88,227,141,12,0,62.41,4,caught,2,,v Pakistan,Dubai (DICS),22-Oct-15,Test # 2183
71,218,171,6,0,41.52,4,caught,4,,v Pakistan,Dubai (DICS),22-Oct-15,Test # 2183
4,19,14,0,0,28.57,4,caught,2,,v Pakistan,Sharjah,01-Nov-15,Test # 2184
6,32,29,0,0,20.68,4,lbw,4,,v Pakistan,Sharjah,01-Nov-15,Test # 2184
24,55,37,2,1,64.86,4,lbw,1,,v South Africa,Durban,26-Dec-15,Test # 2196
73,192,128,5,1,57.03,4,caught,3,,v South Africa,Durban,26-Dec-15,Test # 2196
50,113,79,5,0,63.29,4,caught,1,,v South Africa,Cape Town,02-Jan-16,Test # 2197
29,50,29,5,0,100,4,bowled,3,,v South Africa,Cape Town,02-Jan-16,Test # 2197
110,214,139,17,0,79.13,4,caught,2,,v South Africa,Johannesburg,14-Jan-16,Test # 2199
4*,16,13,0,0,30.76,4,not out,4,,v South Africa,Johannesburg,14-Jan-16,Test # 2199
76,192,128,11,0,59.37,4,caught,2,,v South Africa,Centurion,22-Jan-16,Test # 2200
20,70,56,3,0,35.71,4,caught,4,,v South Africa,Centurion,22-Jan-16,Test # 2200
0,11,7,0,0,0,4,caught,1,,v Sri Lanka,Leeds,19-May-16,Test # 2203
80,153,119,5,0,67.22,4,caught,1,,v Sri Lanka,Chester-le-Street,27-May-16,Test # 2204
DNB,-,-,-,-,-,-,-,4,,v Sri Lanka,Chester-le-Street,27-May-16,Test # 2204
3,8,9,0,0,33.33,4,lbw,1,,v Sri Lanka,Lord's,09-Jun-16,Test # 2205
4,7,5,1,0,80,3,bowled,3,,v Sri Lanka,Lord's,09-Jun-16,Test # 2205
48,119,73,7,0,65.75,3,caught,2,,v Pakistan,Lord's,14-Jul-16,Test # 2206
9,50,30,2,0,30,3,caught,4,,v Pakistan,Lord's,14-Jul-16,Test # 2206
254,614,406,27,0,62.56,3,caught,1,,v Pakistan,Manchester,22-Jul-16,Test # 2208
71*,59,48,10,0,147.91,3,not out,3,,v Pakistan,Manchester,22-Jul-16,Test # 2208
3,11,6,0,0,50,3,caught,1,,v Pakistan,Birmingham,03-Aug-16,Test # 2212
62,165,123,8,0,50.4,3,caught,3,,v Pakistan,Birmingham,03-Aug-16,Test # 2212
26,57,39,5,0,66.66,3,caught,1,,v Pakistan,The Oval,11-Aug-16,Test # 2216
39,82,46,4,0,84.78,3,lbw,3,,v Pakistan,The Oval,11-Aug-16,Test # 2216
40,97,49,5,0,81.63,3,caught,1,,v Bangladesh,Chattogram,20-Oct-16,Test # 2225
1,6,4,0,0,25,3,lbw,3,,v Bangladesh,Chattogram,20-Oct-16,Test # 2225
56,155,122,4,0,45.9,3,lbw,2,,v Bangladesh,Mirpur,28-Oct-16,Test # 2227
1,4,2,0,0,50,3,lbw,4,,v Bangladesh,Mirpur,28-Oct-16,Test # 2227
124,239,180,11,1,68.88,3,caught,1,,v India,Rajkot,09-Nov-16,Test # 2232
4,10,5,0,0,80,3,caught,3,,v India,Rajkot,09-Nov-16,Test # 2232
53,105,98,6,0,54.08,3,caught,2,,v India,Visakhapatnam,17-Nov-16,Test # 2235
25,123,107,3,0,23.36,3,lbw,4,,v India,Visakhapatnam,17-Nov-16,Test # 2235
15,21,13,3,0,115.38,3,lbw,1,,v India,Mohali,26-Nov-16,Test # 2238
78,251,179,6,0,43.57,2,caught,3,,v India,Mohali,26-Nov-16,Test # 2238
21,39,41,1,0,51.21,3,caught,1,,v India,Wankhede,08-Dec-16,Test # 2239
77,127,112,11,0,68.75,3,lbw,3,,v India,Wankhede,08-Dec-16,Test # 2239
88,187,144,10,0,61.11,3,caught,1,,v India,Chennai,16-Dec-16,Test # 2241
6,47,22,0,0,27.27,3,lbw,3,,v India,Chennai,16-Dec-16,Test # 2241
190,375,234,27,1,81.19,4,caught,1,,v South Africa,Lord's,06-Jul-17,Test # 2262
5,20,13,1,0,38.46,4,bowled,3,,v South Africa,Lord's,06-Jul-17,Test # 2262
78,117,76,12,0,102.63,4,caught,2,,v South Africa,Nottingham,14-Jul-17,Test # 2264
8,34,20,0,0,40,4,bowled,4,,v South Africa,Nottingham,14-Jul-17,Test # 2264
29,71,56,4,0,51.78,4,caught,1,,v South Africa,The Oval,27-Jul-17,Test # 2266
50,131,94,6,0,53.19,4,caught,3,,v South Africa,The Oval,27-Jul-17,Test # 2266
52,135,101,6,0,51.48,4,lbw,1,,v South Africa,Manchester,04-Aug-17,Test # 2268
49,140,106,6,0,46.22,4,bowled,3,,v South Africa,Manchester,04-Aug-17,Test # 2268
136,287,189,22,0,71.95,4,bowled,1,,v West Indies,Birmingham,17-Aug-17,Test # 2270
59,156,98,9,0,60.2,4,caught,1,,v West Indies,Leeds,25-Aug-17,Test # 2271
72,187,111,15,0,64.86,4,caught,3,,v West Indies,Leeds,25-Aug-17,Test # 2271
1,13,2,0,0,50,4,caught,2,,v West Indies,Lord's,07-Sep-17,Test # 2274
DNB,-,-,-,-,-,-,-,4,,v West Indies,Lord's,07-Sep-17,Test # 2274
15,79,50,1,0,30,4,lbw,1,,v Australia,Brisbane,23-Nov-17,Test # 2282
51,159,104,5,0,49.03,4,lbw,3,,v Australia,Brisbane,23-Nov-17,Test # 2282
9,23,10,1,0,90,4,caught,2,,v Australia,Adelaide,02-Dec-17,Test # 2285
67,185,123,9,0,54.47,4,caught,4,,v Australia,Adelaide,02-Dec-17,Test # 2285
20,36,23,4,0,86.95,4,caught,1,,v Australia,W.A.C.A,14-Dec-17,Test # 2288
14,34,20,3,0,70,4,caught,3,,v Australia,W.A.C.A,14-Dec-17,Test # 2288
61,193,133,7,0,45.86,4,caught,2,,v Australia,Melbourne,26-Dec-17,Test # 2289
83,225,141,8,0,58.86,4,caught,1,,v Australia,Sydney,04-Jan-18,Test # 2291
58*,236,167,1,0,34.73,4,retired notout,3,,v Australia,Sydney,04-Jan-18,Test # 2291
0,9,6,0,0,0,3,bowled,1,,v New Zealand,Auckland,22-Mar-18,Test # 2299
51,191,131,5,0,38.93,3,caught,3,,v New Zealand,Auckland,22-Mar-18,Test # 2299
37,80,63,5,0,58.73,4,bowled,1,,v New Zealand,Christchurch,30-Mar-18,Test # 2301
54,182,128,4,0,42.18,4,caught,3,,v New Zealand,Christchurch,30-Mar-18,Test # 2301
4,46,24,0,0,16.66,3,caught,1,,v Pakistan,Lord's,24-May-18,Test # 2304
68,187,120,8,0,56.66,3,lbw,3,,v Pakistan,Lord's,24-May-18,Test # 2304
45,117,72,6,0,62.5,3,caught,2,,v Pakistan,Leeds,01-Jun-18,Test # 2305
80,243,156,9,0,51.28,3,run out,1,,v India,Birmingham,01-Aug-18,Test # 2314
14,48,35,1,0,40,3,caught,3,,v India,Birmingham,01-Aug-18,Test # 2314
19,82,53,2,0,35.84,3,lbw,2,,v India,Lord's,09-Aug-18,Test # 2315
16,68,29,2,0,55.17,3,caught,2,,v India,Nottingham,18-Aug-18,Test # 2316
13,71,40,2,0,32.5,3,caught,4,,v India,Nottingham,18-Aug-18,Test # 2316
4,26,14,0,0,28.57,3,lbw,1,,v India,Southampton,30-Aug-18,Test # 2317
48,140,88,6,0,54.54,4,run out,3,,v India,Southampton,30-Aug-18,Test # 2317
0,4,3,0,0,0,4,lbw,1,,v India,The Oval,07-Sep-18,Test # 2318
125,264,190,12,1,65.78,4,caught,3,,v India,The Oval,07-Sep-18,Test # 2318
35,-,46,5,0,76.08,4,bowled,1,,v Sri Lanka,Galle,06-Nov-18,Test # 2324
3,-,19,0,0,15.78,4,caught,3,,v Sri Lanka,Galle,06-Nov-18,Test # 2324
14,-,23,2,0,60.86,4,bowled,1,,v Sri Lanka,Pallekele,14-Nov-18,Test # 2326
124,-,146,10,2,84.93,4,lbw,3,,v Sri Lanka,Pallekele,14-Nov-18,Test # 2326
46,-,79,4,0,58.22,4,caught,1,,v Sri Lanka,Colombo (SSC),23-Nov-18,Test # 2329
7,-,9,0,0,77.77,4,caught,3,,v Sri Lanka,Colombo (SSC),23-Nov-18,Test # 2329
4,22,14,1,0,28.57,4,lbw,2,,v West Indies,Bridgetown,23-Jan-19,Test # 2342
22,64,39,3,0,56.41,4,caught,4,,v West Indies,Bridgetown,23-Jan-19,Test # 2342
7,31,17,1,0,41.17,4,caught,1,,v West Indies,North Sound,31-Jan-19,Test # 2344
7,22,13,1,0,53.84,4,caught,3,,v West Indies,North Sound,31-Jan-19,Test # 2344
15,78,54,2,0,27.77,4,caught,1,,v West Indies,Gros Islet,09-Feb-19,Test # 2346
122,317,225,10,0,54.22,4,caught,3,,v West Indies,Gros Islet,09-Feb-19,Test # 2346
2,15,7,0,0,28.57,4,lbw,1,,v Ireland,Lord's,24-Jul-19,Test # 2352
31,93,64,3,0,48.43,5,caught,3,,v Ireland,Lord's,24-Jul-19,Test # 2352
57,192,119,6,0,47.89,3,caught,2,,v Australia,Birmingham,01-Aug-19,Test # 2353
28,97,57,3,0,49.12,3,caught,4,,v Australia,Birmingham,01-Aug-19,Test # 2353
14,37,20,3,0,70,3,lbw,1,,v Australia,Lord's,14-Aug-19,Test # 2355
0,2,1,0,0,0,3,caught,3,,v Australia,Lord's,14-Aug-19,Test # 2355
0,8,2,0,0,0,3,caught,2,,v Australia,Leeds,22-Aug-19,Test # 2357
77,322,205,7,0,37.56,3,caught,4,,v Australia,Leeds,22-Aug-19,Test # 2357
71,255,168,10,0,42.26,4,lbw,2,,v Australia,Manchester,04-Sep-19,Test # 2360
0,2,1,0,0,0,3,bowled,4,,v Australia,Manchester,04-Sep-19,Test # 2360
57,218,141,3,0,40.42,3,bowled,1,,v Australia,The Oval,12-Sep-19,Test # 2362
21,54,26,2,0,80.76,3,caught,3,,v Australia,The Oval,12-Sep-19,Test # 2362
2,30,22,0,0,9.09,4,caught,1,,v New Zealand,Mount Maunganui,21-Nov-19,Test # 2367
11,54,51,2,0,21.56,5,caught,3,,v New Zealand,Mount Maunganui,21-Nov-19,Test # 2367
226,636,441,22,1,51.24,4,caught,2,,v New Zealand,Hamilton,29-Nov-19,Test # 2371
29,84,49,5,0,59.18,4,caught,2,,v South Africa,Centurion,26-Dec-19,Test # 2377
48,166,101,8,0,47.52,4,caught,4,,v South Africa,Centurion,26-Dec-19,Test # 2377
35,62,49,5,0,71.42,4,caught,1,,v South Africa,Cape Town,03-Jan-20,Test # 2379
61,154,98,7,0,62.24,4,caught,3,,v South Africa,Cape Town,03-Jan-20,Test # 2379
27,68,46,4,0,58.69,4,bowled,1,,v South Africa,Gqeberha,16-Jan-20,Test # 2380
59,176,108,6,0,54.62,4,caught,1,,v South Africa,Johannesburg,24-Jan-20,Test # 2382
58,176,96,5,1,60.41,4,caught,3,,v South Africa,Johannesburg,24-Jan-20,Test # 2382
23,80,49,2,0,46.93,4,caught,1,,v West Indies,Manchester,16-Jul-20,Test # 2389
22,58,33,0,0,66.66,4,run out,3,,v West Indies,Manchester,16-Jul-20,Test # 2389
17,92,59,0,0,28.81,3,run out,1,,v West Indies,Manchester,24-Jul-20,Test # 2390
68*,77,56,8,1,121.42,3,not out,3,,v West Indies,Manchester,24-Jul-20,Test # 2390
14,93,58,2,0,24.13,3,caught,2,,v Pakistan,Manchester,05-Aug-20,Test # 2391
42,110,84,7,0,50,3,caught,4,,v Pakistan,Manchester,05-Aug-20,Test # 2391
9*,49,35,0,0,25.71,4,not out,2,,v Pakistan,Southampton,13-Aug-20,Test # 2392
29,68,51,3,0,56.86,4,caught,1,,v Pakistan,Southampton,21-Aug-20,Test # 2393
228,476,321,18,1,71.02,4,caught,2,,v Sri Lanka,Galle,14-Jan-21,Test # 2403
1,6,3,0,0,33.33,4,run out,4,,v Sri Lanka,Galle,14-Jan-21,Test # 2403
186,495,309,18,0,60.19,4,run out,2,,v Sri Lanka,Galle,22-Jan-21,Test # 2405
11,30,16,1,0,68.75,4,bowled,4,,v Sri Lanka,Galle,22-Jan-21,Test # 2405
218,536,377,19,2,57.82,4,lbw,1,,v India,Chennai,05-Feb-21,Test # 2409
40,70,32,7,0,125,4,lbw,3,,v India,Chennai,05-Feb-21,Test # 2409
6,13,12,0,0,50,4,caught,2,,v India,Chennai,13-Feb-21,Test # 2411
33,133,92,3,0,35.86,5,caught,4,,v India,Chennai,13-Feb-21,Test # 2411
17,63,37,2,0,45.94,4,lbw,1,,v India,Ahmedabad,24-Feb-21,Test # 2412
19,69,45,0,0,42.22,4,lbw,3,,v India,Ahmedabad,24-Feb-21,Test # 2412
5,24,9,1,0,55.55,4,lbw,1,,v India,Ahmedabad,04-Mar-21,Test # 2414
30,79,72,3,0,41.66,4,lbw,3,,v India,Ahmedabad,04-Mar-21,Test # 2414
42,169,113,5,0,37.16,4,caught,2,,v New Zealand,Lord's,02-Jun-21,Test # 2422
40,109,71,5,0,56.33,4,lbw,4,,v New Zealand,Lord's,02-Jun-21,Test # 2422
4,13,7,1,0,57.14,4,caught,1,,v New Zealand,Birmingham,10-Jun-21,Test # 2423
11,102,61,1,0,18.03,4,caught,3,,v New Zealand,Birmingham,10-Jun-21,Test # 2423
64,178,108,11,0,59.25,4,lbw,1,,v India,Nottingham,04-Aug-21,Test # 2428
109,284,172,14,0,63.37,4,caught,3,,v India,Nottingham,04-Aug-21,Test # 2428
180*,533,321,18,0,56.07,4,not out,2,,v India,Lord's,12-Aug-21,Test # 2429
33,94,60,5,0,55,4,caught,4,,v India,Lord's,12-Aug-21,Test # 2429
121,242,165,14,0,73.33,4,bowled,2,,v India,Leeds,25-Aug-21,Test # 2432
21,52,25,4,0,84,4,bowled,2,,v India,The Oval,02-Sep-21,Test # 2433
36,123,78,3,0,46.15,4,bowled,4,,v India,The Oval,02-Sep-21,Test # 2433
0,13,9,0,0,0,4,caught,1,,v Australia,Brisbane,08-Dec-21,Test # 2440
89,246,165,10,0,53.93,4,caught,3,,v Australia,Brisbane,08-Dec-21,Test # 2440
62,169,116,7,0,53.44,4,caught,2,,v Australia,Adelaide,16-Dec-21,Test # 2441
24,99,67,1,0,35.82,4,caught,4,,v Australia,Adelaide,16-Dec-21,Test # 2441
50,113,82,4,0,60.97,4,caught,1,,v Australia,Melbourne,26-Dec-21,Test # 2442
28,98,59,4,0,47.45,4,caught,3,,v Australia,Melbourne,26-Dec-21,Test # 2442
0,14,7,0,0,0,4,caught,2,,v Australia,Sydney,05-Jan-22,Test # 2446
24,131,85,3,0,28.23,4,caught,4,,v Australia,Sydney,05-Jan-22,Test # 2446
34,74,46,3,0,73.91,4,lbw,2,,v Australia,Hobart,14-Jan-22,Test # 2449
11,57,31,1,0,35.48,4,bowled,4,,v Australia,Hobart,14-Jan-22,Test # 2449
13,30,14,3,0,92.85,3,bowled,1,,v West Indies,North Sound,08-Mar-22,Test # 2454
109,338,204,6,0,53.43,3,bowled,3,,v West Indies,North Sound,08-Mar-22,Test # 2454
153,491,316,14,0,48.41,3,lbw,1,,v West Indies,Bridgetown,16-Mar-22,Test # 2457
9,17,10,1,0,90,3,caught,3,,v West Indies,Bridgetown,16-Mar-22,Test # 2457
0,14,9,0,0,0,3,caught,1,,v West Indies,St George's,24-Mar-22,Test # 2459
5,25,12,0,0,41.66,3,caught,3,,v West Indies,St George's,24-Mar-22,Test # 2459
11,21,15,2,0,73.33,4,caught,2,,v New Zealand,Lord's,02-Jun-22,Test # 2464
115*,328,170,12,0,67.64,4,not out,4,,v New Zealand,Lord's,02-Jun-22,Test # 2464
176,353,211,26,1,83.41,4,caught,2,,v New Zealand,Nottingham,10-Jun-22,Test # 2465
3,5,4,0,0,75,4,caught,4,,v New Zealand,Nottingham,10-Jun-22,Test # 2465
5,16,9,1,0,55.55,4,caught,2,,v New Zealand,Leeds,23-Jun-22,Test # 2467
86*,186,125,11,1,68.8,4,not out,4,,v New Zealand,Leeds,23-Jun-22,Test # 2467
31,92,67,4,0,46.26,4,caught,2,,v India,Birmingham,01-Jul-22,Test # 2470
142*,240,173,19,1,82.08,4,not out,4,,v India,Birmingham,01-Jul-22,Test # 2470
8,26,17,1,0,47.05,4,lbw,1,,v South Africa,Lord's,17-Aug-22,Test # 2474
6,26,10,0,0,60,4,caught,3,,v South Africa,Lord's,17-Aug-22,Test # 2474
9,17,15,1,0,60,4,caught,2,,v South Africa,Manchester,25-Aug-22,Test # 2475
23,36,25,3,0,92,4,caught,2,,v South Africa,The Oval,08-Sep-22,Test # 2476
DNB,-,-,-,-,-,-,-,4,,v South Africa,The Oval,08-Sep-22,Test # 2476
23,42,31,3,0,74.19,4,lbw,1,,v Pakistan,Rawalpindi,01-Dec-22,Test # 2478
73,102,69,6,0,105.79,4,caught,3,,v Pakistan,Rawalpindi,01-Dec-22,Test # 2478
8,23,11,0,0,72.72,4,lbw,1,,v Pakistan,Multan,09-Dec-22,Test # 2480
21,60,35,2,0,60,4,caught,3,,v Pakistan,Multan,09-Dec-22,Test # 2480
0,4,1,0,0,0,4,caught,2,,v Pakistan,Karachi,17-Dec-22,Test # 2483
DNB,-,-,-,-,-,-,-,4,,v Pakistan,Karachi,17-Dec-22,Test # 2483
14,42,22,2,0,63.63,4,caught,1,,v New Zealand,Mount Maunganui,16-Feb-23,Test # 2492
57,110,62,5,1,91.93,5,caught,3,,v New Zealand,Mount Maunganui,16-Feb-23,Test # 2492
153*,376,224,10,3,68.3,4,not out,1,,v New Zealand,Wellington,24-Feb-23,Test # 2494
95,183,113,8,3,84.07,5,caught,4,,v New Zealand,Wellington,24-Feb-23,Test # 2494
56,86,59,4,1,94.91,4,bowled,2,,v Ireland,Lord's,01-Jun-23,Test # 2504
DNB,-,-,-,-,-,-,-,4,,v Ireland,Lord's,01-Jun-23,Test # 2504
118*,269,152,7,4,77.63,4,not out,1,,v Australia,Birmingham,16-Jun-23,Test # 2507
46,79,55,5,1,83.63,4,stumped,3,,v Australia,Birmingham,16-Jun-23,Test # 2507
10,39,19,0,0,52.63,4,caught,2,,v Australia,Lord's,28-Jun-23,Test # 2508
18,40,35,2,0,51.42,4,caught,4,,v Australia,Lord's,28-Jun-23,Test # 2508
19,66,45,2,0,42.22,4,caught,2,,v Australia,Leeds,06-Jul-23,Test # 2509
21,72,33,3,0,63.63,4,caught,4,,v Australia,Leeds,06-Jul-23,Test # 2509
84,163,95,8,1,88.42,4,bowled,2,,v Australia,Manchester,19-Jul-23,Test # 2512
5,12,11,1,0,45.45,4,bowled,1,,v Australia,The Oval,27-Jul-23,Test # 2515
91,174,106,11,1,85.84,4,bowled,3,,v Australia,The Oval,27-Jul-23,Test # 2515
29,81,60,1,0,48.33,4,caught,1,,v India,Hyderabad,25-Jan-24,Test # 2525
2,13,6,0,0,33.33,4,lbw,3,,v India,Hyderabad,25-Jan-24,Test # 2525
5,15,10,1,0,50,4,caught,2,,v India,Visakhapatnam,02-Feb-24,Test # 2526
16,11,10,2,1,160,5,caught,4,,v India,Visakhapatnam,02-Feb-24,Test # 2526
18,50,31,2,0,58.06,4,caught,2,,v India,Rajkot,15-Feb-24,Test # 2530
7,61,40,1,0,17.5,4,lbw,4,,v India,Rajkot,15-Feb-24,Test # 2530
122*,362,274,10,0,44.52,4,not out,1,,v India,Ranchi,23-Feb-24,Test # 2531
11,36,34,0,0,32.35,4,lbw,3,,v India,Ranchi,23-Feb-24,Test # 2531
26,82,56,4,0,46.42,4,lbw,1,,v India,Dharamsala,07-Mar-24,Test # 2534
84,175,128,12,0,65.62,4,caught,3,,v India,Dharamsala,07-Mar-24,Test # 2534
68,178,114,7,0,59.64,4,bowled,2,,v West Indies,Lord's,10-Jul-24,Test # 2538
14,46,29,2,0,48.27,4,caught,1,,v West Indies,Nottingham,18-Jul-24,Test # 2539
122,306,178,10,0,68.53,4,caught,3,,v West Indies,Nottingham,18-Jul-24,Test # 2539
87,194,124,7,0,70.16,5,lbw,2,,v West Indies,Birmingham,26-Jul-24,Test # 2541
DNB,-,-,-,-,-,-,-,4,,v West Indies,Birmingham,26-Jul-24,Test # 2541
42,84,57,4,0,73.68,4,caught,2,,v Sri Lanka,Manchester,21-Aug-24,Test # 2545
62*,183,128,2,0,48.43,4,not out,4,,v Sri Lanka,Manchester,21-Aug-24,Test # 2545
143,283,206,18,0,69.41,4,caught,1,,v Sri Lanka,Lord's,29-Aug-24,Test # 2546
103,192,121,10,0,85.12,4,caught,3,,v Sri Lanka,Lord's,29-Aug-24,Test # 2546
13,55,48,1,0,27.08,4,caught,1,,v Sri Lanka,The Oval,06-Sep-24,Test # 2548
12,34,18,2,0,66.66,4,lbw,3,,v Sri Lanka,The Oval,06-Sep-24,Test # 2548
262,601,375,17,0,69.86,3,lbw,2,,v Pakistan,Multan,07-Oct-24,Test # 2553
34,69,54,2,0,62.96,4,bowled,2,,v Pakistan,Multan,15-Oct-24,Test # 2554
18,42,34,1,0,52.94,4,lbw,4,,v Pakistan,Multan,15-Oct-24,Test # 2554
5,9,6,0,0,83.33,4,lbw,1,,v Pakistan,Rawalpindi,24-Oct-24,Test # 2558
33,80,52,1,0,63.46,4,caught,3,,v Pakistan,Rawalpindi,24-Oct-24,Test # 2558
0,5,4,0,0,0,4,bowled,2,,v New Zealand,Christchurch,28-Nov-24,Test # 2564
23*,25,15,3,1,153.33,4,not out,4,,v New Zealand,Christchurch,28-Nov-24,Test # 2564
3,13,7,0,0,42.85,4,caught,1,,v New Zealand,Wellington,06-Dec-24,Test # 2567
106,208,130,11,0,81.53,4,caught,3,,v New Zealand,Wellington,06-Dec-24,Test # 2567
32,57,42,6,0,76.19,4,caught,2,,v New Zealand,Hamilton,14-Dec-24,Test # 2569
54,98,64,10,0,84.37,4,lbw,4,,v New Zealand,Hamilton,14-Dec-24,Test # 2569
34,69,44,3,0,77.27,4,caught,1,,v Zimbabwe,Nottingham,22-May-25,Test # 2584
28,86,58,2,0,48.27,4,caught,2,,v India,Leeds,20-Jun-25,Test # 2587
53*,155,84,6,0,63.09,4,not out,4,,v India,Leeds,20-Jun-25,Test # 2587
22,92,46,2,0,47.82,4,caught,2,,v India,Birmingham,02-Jul-25,Test # 2591
6,29,16,1,0,37.5,4,bowled,4,,v India,Birmingham,02-Jul-25,Test # 2591
104,331,199,10,0,52.26,4,bowled,1,,v India,Lord's,10-Jul-25,Test # 2594
40,140,96,1,0,41.66,4,bowled,3,,v India,Lord's,10-Jul-25,Test # 2594
150,349,248,14,0,60.48,4,stumped,2,,v India,Manchester,23-Jul-25,Test # 2596
29,59,45,6,0,64.44,4,lbw,2,,v India,The Oval,31-Jul-25,Test # 2598
105,243,152,12,0,69.07,4,caught,4,,v India,The Oval,31-Jul-25,Test # 2598